b;a
Joomla;CMS Themes
Drupal;CMS Themes
Miscellaneous;CMS Themes
MODX Themes;CMS Themes
Concrete5;CMS Themes
ExpressionEngine;CMS Themes
Retail (Drupal);Drupal
Corporate (Drupal);Drupal
Creative (Joomla);Joomla
Corporate (Joomla);Joomla
Retail (Joomla);Joomla
Miscellaneous (Miscellaneous);Miscellaneous
Entertainment (Joomla);Joomla
Creative (Drupal);Drupal
Blog Magazine (Joomla);Joomla
Entertainment (Drupal);Drupal
Nonprofit (Joomla);Joomla
Blog Magazine (Drupal);Drupal
Miscellaneous (Drupal);Drupal
Miscellaneous (Joomla);Joomla
Blog Magazine (Miscellaneous);Miscellaneous
Technology (Joomla);Joomla
Wedding (Joomla);Joomla
Creative (Miscellaneous);Miscellaneous
Creative (Concrete5);Concrete5
Corporate (Miscellaneous);Miscellaneous
Blog Magazine (Concrete5);Concrete5
Corporate (Concrete5);Concrete5
Entertainment (Concrete5);Concrete5
Technology (Concrete5);Concrete5
Corporate (ExpressionEngine);ExpressionEngine
Travel (Drupal);Retail (Drupal)
Business (Drupal);Corporate (Drupal)
Business (Joomla);Corporate (Joomla)
Fashion (Joomla);Retail (Joomla)
Restaurants & Cafes (Joomla);Entertainment (Joomla)
Health & Beauty (Joomla);Retail (Joomla)
Portfolio (Drupal);Creative (Drupal)
Portfolio (Joomla);Creative (Joomla)
Events (Drupal);Entertainment (Drupal)
Charity (Joomla);Nonprofit (Joomla)
Personal (Joomla);Blog Magazine (Joomla)
News Editorial (Joomla);Blog Magazine (Joomla)
Food (Joomla);Retail (Joomla)
Shopping (Joomla);Retail (Joomla)
Shopping (Drupal);Retail (Drupal)
Photography (Joomla);Creative (Joomla)
Health & Beauty (Drupal);Retail (Drupal)
Food (Drupal);Retail (Drupal)
Photography (Drupal);Creative (Drupal)
Personal (Miscellaneous);Blog Magazine (Miscellaneous)
Fashion (Drupal);Retail (Drupal)
Marketing (Drupal);Corporate (Drupal)
Electronics (Joomla);Technology (Joomla)
Events (Joomla);Entertainment (Joomla)
Art (Joomla);Creative (Joomla)
Churches (Joomla);Nonprofit (Joomla)
Music and Bands (Joomla);Entertainment (Joomla)
Portfolio (Miscellaneous);Creative (Miscellaneous)
Photography (Miscellaneous);Creative (Miscellaneous)
Personal (Concrete5);Blog Magazine (Concrete5)
Hosting (Joomla);Technology (Joomla)
Portfolio (Concrete5);Creative (Concrete5)
Events (Concrete5);Entertainment (Concrete5)
Experimental (Joomla);Creative (Joomla)
Business (Concrete5);Corporate (Concrete5)
Travel (Joomla);Retail (Joomla)
News Editorial (Drupal);Blog Magazine (Drupal)
